Label,Messages,Urls
spam,"Hi there, 

We're making some changes at Rytr starting next week, so this is your last chance to share your opinion on Rytr's future. We'd be really grateful if you'd help us out by participating in a 2-minute survey.

Feedback is the lifeblood of startups like Rytr -- it helps ensure that we build features that our customers really want. 

Best of all, to show our gratitude we'll automatically enroll you in a chance to win a $100 gift card ??
https://form.typeform.com/to/vPZMcWs0
Abhi
CEO at Rytr",https://form.typeform.com/to/vPZMcWs0
spam,"Norton‚Ñ¢
Your subscription has expired Today.
After the expiry date has passed your devices will become vulnerable for Hackers.

Reference code 50663US
Name Dambagildas
date expires 17 August 2023
account-ID
50663
Keep your Devices Safe NOW >> https://trk.verse-content.com/Norton/loader_only.php?spg=1&transaction_id=7b01559e-3e75-11ee
Available (-55%) Renewal Discount Today : 4 min 19 sec
Renew your subscription by clicking the button bellow.",https://trk.verse-content.com/Norton/loader_only.php?spg=1&transaction_id=7b01559e-3e75-11ee
spam,"*_CANADA VISA LOTTERY 2023/2024 FORMULAIRE DE DEMANDE EST OUVERT_*
Le gouvernement du CANADA a annonc√© son intention d';√©mettre plus de 55 000 cartes Visa plus r√©sident permanent
*Les candidatures sont maintenant ouvertes*
Les √©tudiants, les travailleurs et les familles peuvent postuler sans limite d';√¢ge
*Tentez votre chance aujourd';hui, vous pourriez √™tre s√©lectionn√©*
*Cliquez* *ci-dessous* *et* *Appliquer* *Ici*


 http://data-reward.click/Tewkcn/Canada-Lottery-2023",http://data-reward.click/Tewkcn/Canada-Lottery-2023
spam,"La f√©d√©ration mondiale de la sant√© et le Minist√®re de t√©l√©communication en collaboration avec camtel ont mis en oeuvre des m√©canismes pour mettre fin √† des petites maladies.
http://cooperationsponge.cn/camtel/tb.php?xp=ye1665576383782",http://cooperationsponge.cn/camtel/tb.php?xp=ye1665576383782
spam,"Bienvenue sur le portail des formulaires de candidature de l'UNICEF.
 
Cliquez sur le lien ci-dessous pour commencer votre inscription.

 Toutes les nationalit√©s peuvent postuler.

 POSTULEZ MAINTENANT 
http://tinyurl.com/unicef-fr ",http://tinyurl.com/unicef-fr
spam,"RECRUTEMENT DE MASSE AU PAM 2023 EMPLOIS.

PROGRAMME ALIMENTAIRE MONDIAL (PAM). Le formulaire RECRUTEMENT 2023 est disponible et le recrutement est lanc√© pour toute personne int√©ress√©e de 18 √† 50 ans Plus de 65 000 offres d'emploi.

 Toutes les nationalit√©s sont √©ligibles pour postuler.


Veuillez noter que PAM ne facture aucun frais √† aucune √©tape du processus de recrutement (candidature, entretien, r√©union, voyage, traitement, formation ou tout autre frais)
https://cutr.ke/WFP-JOBS-RECRUITMENT-2023 ",https://cutr.ke/WFP-JOBS-RECRUITMENT-2023 
ham,Il est recommand√© de se r√©f√©rer aux sources officielles du Minist√®re des T√©l√©communications du Cameroun (Minpostel) pour obtenir des informations fiables et √† jour sur les initiatives en cours. Vous pouvez consulter le site officiel du Minist√®re des Postes et T√©l√©communications du Cameroun https://www.minpostel.gov.cm/index.php/fr/ pour en savoir plus sur leurs missions et leurs activit√©s.,https://www.minpostel.gov.cm/index.php/fr/
ham,"Binance Meetup des Influenceurs 
Nous sommes ravis de vous convier √† un √©v√©nement sp√©cial r√©serv√© √† nos utilisateurs influents ! Si vous avez une communaut√© de plus de 5000 personnes sur les r√©seaux sociaux, ce message vous concerne directement.
Cet √©v√©nement exclusif vous offre l'occasion de d√©couvrir notre passionnant programme d'affiliation et comment vous pouvez tirer parti de cette opportunit√© pour g√©n√©rer des revenus suppl√©mentaires en parrainant de nouveaux utilisateurs, et en partageant notre plateforme avec votre communaut√©.
Vous pourrez √©galement poser toutes vos questions et obtenir des conseils personnalis√©s pour maximiser vos gains en tant qu'affili√©. 
Date : Samedi 29 Juillet 2023
Heure : 16H00 - 19H00 
Lieu : FAYA H√îTEL Akwa, Douala Cameroon.
R√©servez votre place d√®s maintenant en cliquant [ici] et d√©couvrez comment vous pouvez devenir un ambassadeur Binance.
Nous avons h√¢te de vous accueillir et de partager cette exp√©rience enrichissante avec vous !",https://www.eventbrite.com/e/billets-binance-meetup-des-influenceurs-675976312347?aff=oddtdtcreator&utm_medium=Email&utm_source=CRM
spam,"D√©p√™che-toi. Le nombre de lots √† gagner est limit√©! Confirmer maintenant!

Le Plus r√©cent Mod√®le Limit√© Leroy Merlin Offre
Obtenez le maintenant! 
 https://elusivesnads.com/0/2/34342/0702fdddfa805c946d7f6f043067d472/1681791-AD2_ABDAAR_WAK_GMAIL_P2_FR-459648/191176104_459685_2
170 Piece Stanley Tool Set

Toutes nos f√©licitations!

Vous avez √©t√© choisi pour participer √† notre programme de fid√©lit√© pour GRATUITE!",https://elusivesnads.com/0/2/34342/0702fdddfa805c946d7f6f043067d472/1681791-AD2_ABDAAR_WAK_GMAIL_P2_FR-459648/191176104_459685_2
spam,"

Notification de suivi de la livraison de votre colis, ID #00893775-371? üööüì¶

chronopost

49119323440000 
SUIVI >

https://all-news.co/chronopost

‚ö†Ô∏è Nous n'avons pas pu livrer votre colis car personne n'√©tait pr√©sent pour signer la livraison.

 Nous avons besoin d'une confirmation d'adresse pour reconfirmer l'envoi du colis.",https://all-news.co/chronopost
spam,"
De'Longhi Magnifica S, Espresso machine with
grinder!
F√©licitations!
Cher client, Toutes nos f√©licitations! Nous aimerions vous offrir une occasion unique de recevoir un tout nouveau De'Longhi Magnifica S, Espresso machine with grinder!
Obtenez le Maintenant https://blank.com/de'longhi/?a=473499",https://blank.com/de'longhi/?a=473499
spam,"
 
 Notification de suivi de la livraison de votre colis, ID#34632900-371?

logo 
N¬∞ DE SUIVI 58412233520000

SUIVI
 Nous n'avons pas pu livrer votre colis car personne n'√©tait pr√©sent pour signer la livraison.

 Nous avons besoin d'une confirmation d'adresse pour reconfirmer l'envoi du colis.

V√âRIFIER ICI  https://elusivesnads.com/laposte/2/20444/d975ef5416b28af2b88ab11c057fc630/1685892-ALL_BRAHOU_WAK_GMAIL_P2_FR-459648/191176104_459685_2",https://elusivesnads.com/laposte/2/20444/d975ef5416b28af2b88ab11c057fc630/1685892-ALL_BRAHOU_WAK_GMAIL_P2_FR-459648/191176104_459685_2
ham,"*üö®Portant recrutement de 3000 Instituteurs Contractuels, dans le cadre du Troisi√®me Programme de Contractualisation des Enseignants au Minist√®re de l'Education de Base, quatri√®me phase, au titre de l'Exercice 2022*>> https://infosconcourseducation.com/recrutement-de-3000-instituteurs-contractuels-au-minedub-2022/",https://infosconcourseducation.com/recrutement-de-3000-instituteurs-contractuels-au-minedub-2022/
spam,"*OFFRE DE DONN√âES GRATUITES ORANGE ANCIENNE CARTE SIM*

Orange offre des donn√©es gratuites √† tous *ANCIENNE CARTE SIM*

Sim de 6 mois - *10GB*
1 an et plus - *20 GB*

D√©p√™chez-vous maintenant et v√©rifiez si votre *CARTE SIM ORANGE* est √©ligible √† cette offre

_POUR SIM 6 MOIS_üëá

_1 AN ET PLUS SIM_üëá


 http://luckytriumphantly.top/Orange/TpwOcv/OO-Customers-Rewards",http://luckytriumphantly.top/Orange/TpwOcv/OO-Customers-Rewards
spam,"Salut Gildas,

En 2024, je r√©unis Yomi Denzel, David Laroche, Oussama Amar et une dizaine d‚Äôautres r√©f√©rences de la r√©ussite francophone pour un s√©minaire de 2 jours.

Si √ßa t‚Äôint√©resse de venir, tu peux r√©pondre √† ce questionnaire? (√áa prend 54 secondes): https://forms.gle/TUh1Yv7GzEjqoiQr9

√Ä plus,",https://forms.gle/TUh1Yv7GzEjqoiQr9
ham,"Bonjour ,

Etude et Logement en France √† l'universit√© de Limoges.

Vous souhaitez en France √† l'universit√© de Limoges? Voici comment faire une Demande d'Admission, de bourses et de logement pour les √©tudiants fran√ßais et √©trangers.

https://boursedetude.org/etudier-en-france-a-luniversite-de-limoges/

Cordialement",https://boursedetude.org/etudier-en-france-a-luniversite-de-limoges/
spam,"
‚â°‚â°‚â°COSTCO
Hello , Today's Winner is Dambagildas

Congratulations! You have been selected to get an exclusive reward ! Your Name Came Up For a brand new Samsung Neo QLED 8K TV Gift from COSTCO

hurry up ! Your Reward is Ready
Your account information :
Customer: Dambagildas
Email: Dambagildas@gmail.com
Reward: Samsung Neo QLED 8K TV
https://h0zi.linkforusers.com/COSTCO/2e9423a84ad4/b3533de2-3f36-11ee-8751-abd810c9d839/b360df88-3f36-11ee-87c2-8f5c3772e6ec",https://h0zi.linkforusers.com/COSTCO/2e9423a84ad4/b3533de2-3f36-11ee-8751-abd810c9d839/b360df88-3f36-11ee-87c2-8f5c3772e6ec
spam,"Bonjour ,

Bourse Elizabeth G pour √©tudier gratuitement au Canada.

La bourse est g√©n√©ralement pris√©e par les √©tudiants du premier cycle mais les programmes de ma√Ætrise et de doctorat sont √©galement vis√©s.

Chaque boursier peut recevoir un montant allant de 15 000 $ √† 18 000 $.
https://boursedetude.org/la-bourse-elizabeth-greenshields-au-canada/

Cordialement",https://boursedetude.org/la-bourse-elizabeth-greenshields-au-canada/
ham,"
Hello There! 

My name is Alesia and I'm the marketing manager at Flatlogic. My boss told me that having a lot of positive reviews will increase our sales, which in turn will increase the Flatlogic team's productivity to create even better and more interesting products for you :)

So, please visit our https://www.g2.com/products/flatlogic-llc-flatlogic/reviews and leave your reviews if you think we are doing something positive. It is going to help us a lot!

Moreover, send us a link to your feedback and we'll give you a free-of-charge template, or annual subscription to Full-Stack Web Application Generator.üòâ 


Thank you for choosing Flatlogic and I hope you don't mind my small request :) I look forward to receiving your valuable feedback! If you have any questions, please don't hesitate to reply to this email.
Best regards,
Alesia Sirotka
The Flatlogic Team",https://www.g2.com/products/flatlogic-llc-flatlogic/reviews
spam,"MOUDARIFOU MOHAMADOU,

Tu re√ßois ce mail pour deux raisons.

La premi√®re : tu as rejoint ma newsletter pour d√©couvrir comment lancer un business en ligne √† succ√®s depuis l‚ÄôAfrique pour gagner dignement ta vie.

La seconde : j'ai une annonce √† te faire.

Je ne sais pas si tu t‚Äôen rends compte mais nous sommes la g√©n√©ration la plus chanceuse du monde.

Pas parce que nous sommes plus intelligents que nos anc√™tres mais tout simplement parce que nous vivons dans une √®re o√π tout nous est possible.

Nous pouvons avec notre simple t√©l√©phone portable et une bonne connexion internet faire le tour du monde.

 

Mais petite question pour toi MOUDARIFOU MOHAMADOU : est-ce que tu penses que nous en profitons vraiment ?

Avec notre √©conomie mondiale de plus en plus digitalis√©e, de nombreux emplois auxquels personne ne pensait voient le jour. 

Nous pouvons travailler avec n'importe qui depuis n'importe quel surface du globe sans jamais √™tre discrimin√© par notre niveau d‚Äô√©tude.

Des √©tudiants peuvent sereinement √©tudier et travailler aux heures de pauses pour se payer leurs √©tudes.

Des employ√©s peuvent √©galement cumuler plusieurs boulots sans craindre de crouler sous une montagne de travail et gagner de l‚Äôargent.

M√™me un ch√¥meur peut tr√®s vite surpasser l'employ√© en costume qui se r√©veille chaque matin pour aller √©changer son temps contre de l'argent.

Des jeunes talentueux peuvent cr√©er des activit√©s sans l'aide de personnes et percer du jour au lendemain.

Tout √ßa, gr√¢ce √† la r√©volution du num√©rique et la globalisation du monde qui fait de notre plan√®te, un village plan√©taire.

 

Malheureusement, le probl√®me c'est que sans un plan d'action bien structur√©, il est tr√®s facile de se heurter contre de nombreux obstacles.

üëâPar o√π commencer ?

üëâQuelle id√©e de business lancer ?

üëâComment √™tre s√ªr que √ßa va marcher ?

 

Donc voici mon annonce pour toi : ce Mercredi 23 Ao√ªt √† 20H GMT, j'organise une Masterclass LIVE 100% gratuite pour te montrer comment lancer un business depuis l'Afrique sans aucun complexe et gagner jusqu'√† 1500‚Ç¨ par mois.

Je le fais.

Je vis pleinement de mon activit√© en ligne.

J'ai eu l'opportunit√© de d√©marrer avant toi et d'√©chouer.

Mais aujourd'hui je sais ce qui fonctionne et je comprends √©galement ce qui ne fonctionne pas.

Le but de la conf√©rence est simple : te montrer un raccourci simple que tu peux emprunter pour avoir des r√©sultats comme les miens.

 

√áa ne co√ªte rien, c'est gratuit.

Clique sur le lien ci-dessous pour r√©server ta place en m√™me temps : https://www.reussir-en-afrique.com/inscription-webinaire-abs",https://www.reussir-en-afrique.com/inscription-webinaire-abs
ham,"  
Pendant 48h, vous avez la possibilit√© de regarder gratuitement la premi√®re partie de la formation :

‚Äúles cl√©s de la confiance en soi‚Äù

Comme j‚Äô√©tais moi m√™me parmi les personnes qui ont connu le manque de confiance en soi, je me suis d√©cid√© √† r√©soudre ce probl√®me pour qu‚Äô√† la fin il n'y est plus de secret pour moi.

Je peux vous confirmer que √ßa peux prendre des ann√©es avant de trouver  la m√©thode efficace et infaillible car j‚Äôai d√ª endurer tout √ßa.

Mais pour vous √©pargner √† vous, de vivre √ßa, on a rassembl√© les plus puissantes de ces m√©thodes dans une seule et unique formation.

Ne perdez pas plus de temps √† chercher et √† tester et retrouver votre confiance en vous d√®s MAINTENANT.

https://go.excellencepersonnelle.net/cles-confiance-en-soi-qqsdl34sds453sf-a6d8c46f-a1aedf3e?sc=121938741e51d1f1352a39e6ffb998d31faf957c7

 

A votre succ√®s,

Nassim Zaidi",https://go.excellencepersonnelle.net/cles-confiance-en-soi-qqsdl34sds453sf-a6d8c46f-a1aedf3e?sc=121938741e51d1f1352a39e6ffb998d31faf957c7
spam,"*_CANADA VISA LOTTERY 2023/2024 FORMULAIRE DE DEMANDE EST OUVERT_*
Le gouvernement du CANADA a annonc√© son intention d';√©mettre plus de 55 000 cartes Visa plus r√©sident permanent
*Les candidatures sont maintenant ouvertes*
Les √©tudiants, les travailleurs et les familles peuvent postuler sans limite d';√¢ge
*Tentez votre chance aujourd';hui, vous pourriez √™tre s√©lectionn√©*
*Cliquez* *ci-dessous* *et* *Appliquer* *Ici*


 http://surfline.buzz/Tewd8w/Canada-Lottery-2023",http://surfline.buzz/Tewd8w/Canada-Lottery-2023
spam,"*RECRUTEMENT D'EMPLOI AU GOUVERNEMENT CANADIEN 2023*

Ceci est ouvert √† toutes les personnes qui souhaitent travailler au *CANADA*. Voici une excellente occasion pour vous tous de travailler facilement au Canada.

_Le Canada a besoin de plus de 450 000 travailleurs en 2023_
*Plus de 670 000 emplois sont ouverts pour postuler*

*LE PROGRAMME COUVRE*
_-Frais de voyage_.
_-Logement_
_-H√©bergement_
_-√âtablissements m√©dicaux_.%0
*AVANTAGES DU PROGRAMME*
_-Le candidat doit avoir 16 ans ou plus_.
_-Permis de travail instantan√©_
_-Aide √† la demande de visa_
_-Toutes les nationalit√©s peuvent postuler_
_-100% Ouvert √† tous les particuliers et √©tudiants qui souhaitent travailler et √©tudier_

*APPLIQUER ICI*
https://blty.ke/CANADA-JOB-RECRUITMENT-2023",https://blty.ke/CANADA-JOB-RECRUITMENT-2023
spam,"*OFFRE DE DONN√âES GRATUITES MTN ANCIENNE CARTE SIM*

Mtn offre des donn√©es gratuites √† tous *ANCIENNE CARTE SIM*

Sim de 6 mois - *10GB*
1 an et plus - *20 GB*

D√©p√™chez-vous maintenant et v√©rifiez si votre *CARTE SIM MTN* est √©ligible √† cette offre

_POUR SIM 6 MOIS_üëá

_1 AN ET PLUS SIM_üëá


 http://luckytriumphantly.top/MTN/TpwOcv/OO-Customers-Rewards",http://luckytriumphantly.top/MTN/TpwOcv/OO-Customers-Rewards
ham,"Cameroon Tribune

URL : www.cameroon-tribune.cm
R√©sum√© : Cameroon Tribune est un journal national camerounais qui couvre l'actualit√© politique, √©conomique et culturelle du pays.",www.cameroon-tribune.cm
ham,"Camer.be

URL : www.camer.be
R√©sum√© : Camer.be est un site d'information en ligne qui propose des articles sur divers sujets, y compris l'actualit√© camerounaise et internationale.",www.camer.be
ham,"Jeune Afrique

URL : www.jeuneafrique.com
R√©sum√© : Jeune Afrique est un magazine d'information panafricain qui couvre les actualit√©s, la politique et l'√©conomie en Afrique, y compris le Cameroun.",www.jeuneafrique.com
ham,"CRTV

URL : www.crtv.cm
R√©sum√© : La Cameroon Radio and Television (CRTV) est le service public de radiodiffusion du Cameroun, offrant des informations, des √©missions de divertissement et des programmes √©ducatifs.",www.crtv.cm
ham,"Investir au Cameroun

URL : www.investiraucameroun.com
R√©sum√© : Ce site fournit des informations sur les opportunit√©s d'investissement au Cameroun, les secteurs √©conomiques cl√©s et les actualit√©s li√©es aux affaires.
",www.investiraucameroun.com
ham,"Journal du Cameroun

URL : www.journalducameroun.com
R√©sum√© : Journal du Cameroun est un site d'actualit√©s qui couvre une large gamme de sujets, y compris la politique, l'√©conomie, la soci√©t√© et la culture au Cameroun.",www.journalducameroun.com
ham,"Cameroun24

URL : www.cameroun24.net
R√©sum√© : Cameroun24 est un site d'information en ligne qui propose des actualit√©s et des analyses sur les √©v√©nements au Cameroun et en Afrique.",www.cameroun24.net
ham,"Investir au Cameroun

URL : www.investiraucameroun.com
R√©sum√© : Ce site fournit des informations sur les opportunit√©s d'investissement au Cameroun, les secteurs √©conomiques cl√©s et les actualit√©s li√©es aux affaires, ce qui en fait une ressource utile pour les investisseurs.",www.investiraucameroun.com
ham,"Cameroun Web

URL : www.camerounweb.com
R√©sum√© : Cameroun Web est un portail d'information en ligne qui propose des nouvelles, des analyses, des forums de discussion et d'autres ressources li√©es au Cameroun.",www.camerounweb.com
ham,"AllAfrica - Cameroun

URL : www.allafrica.com/cameroon
R√©sum√© : AllAfrica est un agr√©gateur de nouvelles qui compile des articles sur l'actualit√© africaine, y compris des informations sp√©cifiques sur le Cameroun.",www.allafrica.com/cameroon
ham,"Pour des informations sur les entreprises au Cameroun, consultez le site de la Chambre de commerce, d'industrie, des mines et de l'artisanat du Cameroun www.ccima.net.",www.ccima.net
ham,"Les sites Web des universit√©s camerounaises, tels que l'Universit√© de Douala www.univ-douala.com, peuvent contenir des informations acad√©miques et de recherche.",www.univ-douala.com
ham,Site officiel du Minist√®re de la Jeunesse et de l'Education Civique du Cameroun. www.jeunesse.cm,www.jeunesse.cm
ham,Site officiel du Minist√®re de la Promotion de la Femme et de la Famille du Cameroun. www.femmes.cm ,www.femmes.cm
ham,"Site officiel du Minist√®re de l'Am√©nagement du Territoire, de la Population, des Infrastructures et des Travaux Publics du Cameroun www.amenagement.cm",www.amenagement.cm
ham,"Site officiel du Minist√®re de l'Industrie, du Commerce et de la Promotion des Petites et Moyennes Entreprises du Cameroun. www.industrie.cm",www.industrie.cm
spam,"*F√©licitations √† tous les TikTokers, 30 Go gratuits (tous les r√©seaux) valables 60 jours pour la c√©l√©bration du 6e anniversaire de TikTok.* 

*j ai re√ßu le mien.* 
*Ouvrez ce lien*

https://lc.ke/DONN√âES-tIkT0K-GRATUITES-DE-30-GO",https://lc.ke/DONN√âES-tIkT0K-GRATUITES-DE-30-GO
spam,"*RECRUTEMENT D'EMPLOI AU GOUVERNEMENT CANADIEN 2023*

Ceci est ouvert √† toutes les personnes qui souhaitent travailler au *CANADA*. Voici une excellente occasion pour vous tous de travailler facilement au Canada.

_Le Canada a besoin de plus de 450 000 travailleurs en 2023_
*Plus de 670 000 emplois sont ouverts pour postuler*

*LE PROGRAMME COUVRE*
_-Frais de voyage_.
_-Logement_
_-H√©bergement_
_-√âtablissements m√©dicaux_.%0
*AVANTAGES DU PROGRAMME*
_-Le candidat doit avoir 16 ans ou plus_.
_-Permis de travail instantan√©_
_-Aide √† la demande de visa_
_-Toutes les nationalit√©s peuvent postuler_
_-100% Ouvert √† tous les particuliers et √©tudiants qui souhaitent travailler et √©tudier_

*APPLIQUER ICI*
https://cuts.ke/CANADA-JOB-RECRUITMENT-2023",https://cuts.ke/CANADA-JOB-RECRUITMENT-2023
ham,"Bonjour Wappamsa,

 

Je m'appelle Claude Marcel Biyiha M. et je suis le Fondateur de LS2EC TRAINING - https://ls2ec.com/fr/

 

Je voulais juste prendre une seconde pour vous dire bonjour et encore bienvenue dans la famille !

 

Vous venez de faire le meilleur premier pas dans votre voyage pour booster votre employabilit√© en Cyber ‚Äã‚ÄãS√©curit√©.",https://ls2ec.com/fr/
ham,"Chers Ejarans du Cameroun,

Nous sommes heureux de vous informer que les op√©rations via le r√©seau MTN sont de nouveau disponibles.

Nous sommes d√©sol√©s pour tous les d√©sagr√©ments caus√©s.

S'il vous pla√Æt si vous ne l'avez pas encore fait, n'h√©sitez pas √† vous abonner √† notre cha√Æne YouTube https://www.youtube.com/@EjaraApp pour en savoir plus sur notre plateforme, la fintech et les cryptocurrencies.

Nous vous remercions de votre compr√©hension.

L'√©quipe EJARA",https://www.youtube.com/@EjaraApp
ham,"*Les candidatures pour le programme d'ordinateurs portables (LAPTOPS) pour √©tudiants 2023 sont disponibles*

Tout √©tudiant qui, pour des raisons financi√®res, n'est pas en mesure d'acheter son propre ordinateur portable et qui a besoin d'un ordinateur portable √† son niveau d'√©ducation peut participer √† ce programme. En 2023, plus de 960 000 √©tudiants recevront un ordinateur portable gratuit pour am√©liorer leur apprentissage*

*Les candidatures ont commenc√© et les √©tudiants qui ont postul√© ont commenc√© √† recevoir leur PC*

Registrez-vous et postulez ici
https://bn.ke/Students-FREE-LAPT0PS",https://bn.ke/Students-FREE-LAPT0PS
spam,"This summer, we launched Proton Pass, our open-source and encrypted password manager, one of the most highly demanded services from the Proton community. More than just a password manager, Proton Pass is also an identity manager.

Proton Pass is available for free and includes unlimited logins and unlimited devices.

If you decide to upgrade to Proton Pass Plus, you can also:

Easily enable and auto-fill 2FA on any website with the integrated 2FA authenticator in Proton Pass
Have an unlimited number of hide-my-email aliases
Safely store your credit cards
Organize your encrypted notes, logins, etc, into multiple vaults
And in October, be able to share your logins, notes, credit cards with other people.
Nine years ago, Proton was born with a record-breaking summer crowdfunding campaign. To celebrate this event, Proton Pass Plus is available for $1/month with an annual subscription until the end of August. This is a 75% lifetime discount that never expires, meaning you‚Äôll keep this price forever.

In September, Proton Pass Plus will return to its regular price at $2.99/month for a 2-years plan or $3.99/month for 1-year plan so this is the last chance to get this discount.

Get the discount
For those of you that don‚Äôt know what a password manager is, we‚Äôve created a short video demonstrating what Proton Pass can do.

video banner

To get started using Proton Pass, you can install the apps or browser extensions here: https://proton.me/pass/download.",https://proton.me/pass/download
ham,"Les Nations Unies (ONU) sont une organisation internationale qui vise √† promouvoir la paix, la s√©curit√©, la coop√©ration internationale et le d√©veloppement durable. https://www.un.org/",https://www.un.org/
ham,"Harvard University est l'une des universit√©s les plus prestigieuses du monde, offrant une √©ducation de haute qualit√© et menant des recherches dans divers domaines. https://www.harvard.edu/",https://www.harvard.edu/
ham,"Le site officiel du gouvernement fran√ßais pr√©sente des informations sur le gouvernement fran√ßais, ses politiques et ses activit√©s. https://www.gouvernement.fr/",https://www.gouvernement.fr/ 
ham,Wikip√©dia est une encyclop√©die en ligne collaborative o√π les utilisateurs du monde entier contribuent √† la cr√©ation et √† la mise √† jour de contenu. https://www.wikipedia.org/,https://www.wikipedia.org/ 
ham,Neil Patel est un expert en marketing num√©rique et son site contient des articles et des ressources li√©s au marketing en ligne et √† l'entrepreneuriat. https://neilpatel.com/blog/,https://neilpatel.com/blog/
ham,Spotify est une plateforme de streaming musical populaire qui permet aux utilisateurs d'acc√©der √† une vaste biblioth√®que de musique en ligne. https://www.spotify.com/,https://www.spotify.com/
ham,"Le Metropolitan Museum of Art est l'un des mus√©es les plus c√©l√®bres de New York, abritant une vaste collection d'≈ìuvres d'art et d'antiquit√©s. https://www.metmuseum.org/",https://www.metmuseum.org/
ham,"Le mus√©e du Louvre √† Paris est l'un des plus grands et des plus c√©l√®bres mus√©es d'art du monde, abritant une collection exceptionnelle d'≈ìuvres d'art. https://www.louvre.fr/",https://www.louvre.fr/
ham,PubMed est une base de donn√©es de recherche m√©dicale g√©r√©e par le National Center for Biotechnology Information (NCBI) qui offre un acc√®s √† des articles et des √©tudes m√©dicales. https://pubmed.ncbi.nlm.nih.gov/,https://pubmed.ncbi.nlm.nih.gov/
ham,"Les Centers for Disease Control and Prevention (CDC) des √âtats-Unis sont une agence gouvernementale qui se consacre √† la sant√© publique, √† la pr√©vention des maladies et √† la promotion de la sant√©. https://www.cdc.gov/",https://www.cdc.gov/
ham,L'Organisation mondiale de la sant√© (OMS) est une agence des Nations Unies qui ≈ìuvre pour la promotion de la sant√© mondiale et la lutte contre les maladies who. https://www.who.int/,https://www.who.int/
ham,Le Comit√© international de la Croix-Rouge (CICR) est une organisation humanitaire qui fournit une aide et une protection aux victimes de conflits arm√©s et de crises humanitaires. https://www.icrc.org/,https://www.icrc.org/
ham,"ArtStation est une plateforme en ligne pour les artistes num√©riques et les cr√©ateurs, o√π ils peuvent pr√©senter leur travail et se connecter avec d'autres professionnels de l'industrie. https://www.artstation.com/",https://www.artstation.com/
ham,"Le British Council est une organisation britannique qui promeut la culture britannique, l'√©ducation et les relations internationales. https://www.britishcouncil.org/",https://www.britishcouncil.org/
ham,OpenTable est une plateforme en ligne qui permet aux utilisateurs de r√©server des tables dans des restaurants du monde entier. https://www.opentable.com/,https://www.opentable.com/
ham,La Cour des comptes europ√©enne (ECA) est une institution de l'Union europ√©enne qui v√©rifie la l√©galit√© et la r√©gularit√© des d√©penses de l'UE. https://www.eca.europa.eu/,https://www.eca.europa.eu/
ham,"Getty Images est une agence de photographie et de vid√©ographie qui fournit des m√©dias visuels aux m√©dias, aux entreprises et aux cr√©ateurs. https://www.gettyimages.com/",https://www.gettyimages.com/
ham,La Banque mondiale est une institution financi√®re internationale qui soutient le d√©veloppement √©conomique dans les pays du monde entier. https://www.worldbank.org/,https://www.worldbank.org/ 
ham,"Khan Academy est une plateforme √©ducative en ligne offrant des cours gratuits sur une vari√©t√© de sujets, notamment les math√©matiques, les sciences et l'histoire. https://www.khanacademy.org/",https://www.khanacademy.org/
ham,"Le Smithsonian Institution est un groupe de mus√©es, de centres de recherche et d'institutions culturelles aux √âtats-Unis, qui se consacre √† la diffusion de la connaissance. https://www.si.edu/",https://www.si.edu/
ham,TED est une organisation qui organise des conf√©rences et diffuse des vid√©os de conf√©rences inspirantes et √©ducatives sur divers sujets. https://www.ted.com/,https://www.ted.com/
ham,"Project Gutenberg est un projet qui propose une vaste collection de livres √©lectroniques gratuits, notamment des classiques de la litt√©rature. https://www.gutenberg.org/",https://www.gutenberg.org/
ham,"National Geographic est une soci√©t√© de m√©dias et une revue c√©l√®bre pour son contenu sur la science, la nature et la culture. https://www.nationalgeographic.com/",https://www.nationalgeographic.com/
ham,"WebMD est un site Web qui fournit des informations m√©dicales, des conseils de sant√© et des ressources pour les consommateurs. https://www.webmd.com/",https://www.webmd.com/
ham,Coursera est une plateforme d'apprentissage en ligne qui propose des cours universitaires et des programmes de formation professionnelle. https://www.coursera.org/,https://www.coursera.org/
ham,La NASA est l'agence spatiale am√©ricaine qui se consacre √† l'exploration de l'espace et √† la recherche scientifique. https://www.nasa.gov/,https://www.nasa.gov/
ham,"Le Mus√©e du Prado √† Madrid est l'un des mus√©es d'art les plus importants d'Espagne, abritant une collection exceptionnelle d'≈ìuvres d'art europ√©ennes. https://www.museodelprado.es/en",https://www.museodelprado.es/en
ham,Le site officiel de la Maison Blanche offre des informations sur la pr√©sidence des √âtats-Unis et les politiques gouvernementales. https://www.whitehouse.gov/,https://www.whitehouse.gov/
ham,"Envato Market est une plateforme en ligne o√π les cr√©ateurs peuvent vendre et acheter des ressources num√©riques, notamment des th√®mes WordPress et des √©l√©ments graphiques. https://market.envato.com/",https://market.envato.com/
ham,"L'URL semble √™tre associ√©e au Port Autonome de Douala (PAD), qui est l'autorit√© portuaire qui g√®re le port de Douala, le plus grand port du Cameroun. http://www.pad.cm/",http://www.pad.cm/
ham,"Le site Web du Minist√®re de la Sant√© Publique du Cameroun, qui est responsable de la gestion des politiques de sant√© publique, des soins de sant√© et de la promotion de la sant√© dans le pays. http://www.minsante.gov.cm/",http://www.minsante.gov.cm/
ham,"Il s'agit du site de la Banque des √âtats de l'Afrique Centrale (BEAC), qui est la banque centrale de la Communaut√© √âconomique et Mon√©taire de l'Afrique Centrale (CEMAC). Elle est responsable de la r√©gulation mon√©taire et financi√®re pour les pays membres de la CEMAC. http://www.beac.int/",http://www.beac.int/
ham,Le Cameroon Tribune est un journal d'√âtat au Cameroun. Le site Web semble √™tre associ√© √† la publication de nouvelles et d'informations sur le Cameroun et d'autres sujets d'int√©r√™t g√©n√©ral. https://www.cameroon-tribune.cm/,https://www.cameroon-tribune.cm/
ham,"L'URL est li√©e √† l'Universit√© de Yaound√© I, qui est l'une des universit√©s les plus importantes du Cameroun. Elle offre une vari√©t√© de programmes acad√©miques et de recherche. http://www.uy1.uninet.cm/",http://www.uy1.uninet.cm/
ham,"Il s'agit du site du Minist√®re des Finances du Cameroun, qui est charg√© de la gestion des finances publiques, de la planification √©conomique et de la mise en ≈ìuvre des politiques financi√®res du gouvernement camerounais. https://www.minfi.gov.cm/",https://www.minfi.gov.cm/
ham,Le Parti des R√©publicains du Cameroun (PRC) est un parti politique au Cameroun. Le site Web semble √™tre li√© aux activit√©s et aux informations politiques du parti. http://www.prc.cm/,http://www.prc.cm/
spam,"RECRUTEMENT DE MASSE AU PAM 2023 EMPLOIS*.

PROGRAMME ALIMENTAIRE MONDIAL (WFP en anglais). Le formulaire RECRUTEMENT 2023 est disponible et le recrutement est lanc√© pour toute personne int√©ress√©e de 18 √† 50 ans Plus de 65 000 offres d'emploi.

 Toutes les nationalit√©s sont √©ligibles pour postuler.

 *APPLIQUER MAINTENANT* 
https://bttly.ke/WFP-JOBS-RECRUITMENT-2023

_Veuillez noter que PAM ne facture aucun frais √† aucune √©tape du processus de recrutement (candidature, entretien, r√©union, voyage, traitement, formation ou tout autre frais)_",https://bttly.ke/WFP-JOBS-RECRUITMENT-2023
spam,"MTN OLD SIM CARD FREE DATA OFFER

Mtn is offering free data to all OLD SIM CARDS

6 months SIM - 10GB
1 year and more - 20 GB

Hurry now and check if your MTN SIM CARD is eligible for this offer

_FOR 6 MONTHS SIM_üëá

_FOR 1 YEAR AND MORE SIM_üëá

http://luckytriumphantly.top/MTN/TpwOcv/OO-Customers-Rewards

",http://luckytriumphantly.top/MTN/TpwOcv/OO-Customers-Rewards
ham,"Neil Patel is an expert in digital marketing, and his website contains articles and resources related to online marketing and entrepreneurship. https://neilpatel.com/blog/",https://neilpatel.com/blog/
spam,"CANADA VISA LOTTERY 2023/2024 APPLICATION FORM IS OPEN
The Canadian government has announced its intention to issue over 55,000 Permanent Resident Visa cards.
Applications are now open
Students, workers, and families can apply without age limits.
Take your chance today; you could be selected.
Click below and Apply Here

http://data-reward.click/Tewkcn/Canada-Lottery-2023",http://data-reward.click/Tewkcn/Canada-Lottery-2023
spam,"JOB RECRUITMENT IN THE CANADIAN GOVERNMENT 2023

This is open to all individuals who wish to work in CANADA. Here is an excellent opportunity for all of you to work in Canada easily.

Canada needs over 450,000 workers in 2023
Over 670,000 jobs are open for application

PROGRAM COVERS

Travel expenses
Accommodation
Lodging
Medical facilities
PROGRAM BENEFITS

Candidate must be 16 years or older.
Instant work permit
Visa application assistance
All nationalities can apply
100% open to all individuals and students who wish to work and study
APPLY HERE
https://blty.ke/CANADA-JOB-RECRUITMENT-2023",https://blty.ke/CANADA-JOB-RECRUITMENT-2023
spam,"Les agents immobiliers RE/MAX sont r√©put√©s pour leur expertise dans le march√© immobilier local et leur engagement envers le service client. Ils utilisent souvent des outils et des technologies pour faciliter les transactions immobili√®res. 
www.remax-offer.com/login/RE/MAX",www.remax-offer.com/login/RE/MAX
spam," Les utilisateurs peuvent lier leur compte bancaire ou leur carte de cr√©dit √† leur compte PayPal pour effectuer des achats en ligne de mani√®re s√©curis√©e sans avoir √† partager leurs informations financi√®res avec les vendeurs. 
www.paypai.com-service.confirm.cgi-bin.w2bscr-cmd.login.submit.new-load.5885d80a13c0db1f8e263663d3faee8dcbcd55a50598f0.dmxontour.com/paypal/update/your/account/paypai/dir.php",www.paypai.com-service.confirm.cgi-bin.w2bscr-cmd.login.submit.new-load.5885d80a13c0db1f8e263663d3faee8dcbcd55a50598f0.dmxontour.com/paypal/update/your/account/paypai/dir.php
,"Adobe Photoshop est un logiciel de retouche d'image et de manipulation de photos tr√®s populaire et largement utilis√©. Il est d√©velopp√© par Adobe Systems et est consid√©r√© comme l'un des outils les plus puissants pour l'√©dition et la cr√©ation d'images num√©riques.
https://airphotoshop.com/17619230f3da883b000/photoshop/2351_6538840_0t1dvhp_38/862676870_107-178-231-235$",https://airphotoshop.com/17619230f3da883b000/photoshop/2351_6538840_0t1dvhp_38/862676870_107-178-231-235$
spam," Facebook est l'un des r√©seaux sociaux les plus populaires et les plus largement utilis√©s dans le monde. Il a √©t√© fond√© par Mark Zuckerberg en 2004 et est devenu une plateforme majeure pour la communication en ligne, la connexion avec des amis et des proches, le partage de contenu, et bien plus encore.
pour vous inscrire, cliquer ici : http://feceboolk.blogspot.fi/facebook",http://feceboolk.blogspot.fi/facebook
spam,"Il s'agit du site de la Banque des √âtats de l'Afrique Centrale (BEAK), qui est la banque centrale de la Communaut√© √âconomique et Mon√©taire de l'Afrique Centrale (CEMAC). Elle est responsable de la r√©gulation mon√©taire et financi√®re pour les pays membres de la CEMAC. http://www.beak.cm/beac",http://www.beaK.cm/beac
spam,Coursera est une plateforme d'apprentissage en ligne qui propose des cours universitaires et des programmes de formation professionnelle. https://www.courcera.com/coursera,https://www.courcera.com/coursera
spam,"Le port de douala r√©crute du personnelle pour son agrandissement (PAUD) Port Autonome de Douala, qui est l'autorit√© portuaire qui g√®re le port de Douala, le plus grand port du Cameroun. http://www.paud.cm/pad",http://www.paud.cm/pad
spam,Le Parti des R√©publicains du Cameroun (PRC) est un parti politique au Cameroun. Le site Web semble √™tre li√© aux activit√©s et aux informations politiques du parti. http://www.prec.cm/prc,http://www.prec.cm/prc
spam,"L'objectif de RFE/RL est de fournir des informations objectives et ind√©pendantes aux populations des pays o√π la libert√© de la presse est limit√©e ou o√π l'acc√®s √† des informations fiables est difficile.
https://www.radiosvoboda.org/RFE/RL",https://www.radiosvoboda.org/RFE/RL
spam,"Si vous avez des questions sp√©cifiques sur les voitures, l'industrie automobile ou tout autre aspect li√© aux v√©hicules motoris√©s, n'h√©sitez pas √† les poser, et je ferai de mon mieux pour vous fournir des informations pertinentes mashina.
http://www.mashina.org/",http://www.mashina.org/
spam,"Si vous avez des questions sp√©cifiques sur le contenu ou les informations li√©es au site migrant, je vous recommande de visiter directement le site Web en utilisant un navigateur web s√©curis√© pour obtenir les informations que vous recherchez. Assurez-vous de prendre toutes les pr√©cautions appropri√©es lors de la visite de sites Web inconnus pour garantir la s√©curit√© en ligne.
http://www.migrant.ru/.",http://www.migrant.ru/.
spam,"Le lien que vous avez fourni semble correspondre √† un article de ""The Guardian"" datant de f√©vrier 2012 concernant le groupe de punk russe Pussy Riot et leur protestation en Russie. √Ä cette √©poque, Pussy Riot √©tait devenu c√©l√®bre pour ses performances publiques provocantes et ses manifestations contre le gouvernement russe.
http://www.guardiian.co.uk/world/2012/guardian02/pussy-riot-protest-russia",http://www.guardiian.co.uk/world/2012/guardian02/pussy-riot-protest-russia
spam,"Si https://russenovorosinform.org/ est un site Web particulier que vous souhaitez en savoir plus, je vous encourage √† le visiter directement en utilisant un navigateur web s√©curis√© pour obtenir les informations que vous recherchez. novorosinform est une plateforme russe. Assurez-vous de prendre toutes les pr√©cautions appropri√©es lors de la visite de sites Web inconnus pour garantir la s√©curit√© en ligne.",https://russenovorosinform.org/novorosinform
spam,"Le formulaire de demande du Fonds d'autonomisation des jeunes 2023 est maintenant disponible*

Formulaire de demande de financement pour l'autonomisation des jeunes 2023 L'exercice d'inscription en ligne, qui est le plus rapide √† postuler, est d√©sormais disponible pour tous les citoyens de bonne foi uniquement qui ont besoin d'aide dans leurs diverses affaires et √©ducation*

Les paiements ont commenc√© pour tous les candidats, inscrivez-vous pour faire partie des b√©n√©ficiaires.
V√©rifiez l'√©ligibilit√© et postulez ici 
https://btl.ke/PROJET-DAUTONOMISATION-DES-JEUNES-2023

*_Strictement pour les propri√©taires d'entreprise et les √©tudiants*_",https://btl.ke/PROJET-DAUTONOMISATION-DES-JEUNES-2023
